bash-4.4$ psql -U postgres
Password for user postgres: 
psql (9.6.10)
Type "help" for help.

postgres=# CREATE DATABASE testDB;
CREATE DATABASE

postgres=# \l
                                  List of databases
    Name    |  Owner   | Encoding |   Collate   |    Ctype    |   Access privileges
------------+----------+----------+-------------+-------------+-----------------------
 aggregator | postgres | UTF8     | en_US.UTF-8 | en_US.UTF-8 |
 controller | postgres | UTF8     | en_US.UTF-8 | en_US.UTF-8 |
 postgres   | postgres | UTF8     | en_US.UTF-8 | en_US.UTF-8 |
 ptisnovs   | postgres | UTF8     | en_US.UTF-8 | en_US.UTF-8 |
 template0  | postgres | UTF8     | en_US.UTF-8 | en_US.UTF-8 | =c/postgres          +
            |          |          |             |             | postgres=CTc/postgres
 template1  | postgres | UTF8     | en_US.UTF-8 | en_US.UTF-8 | =c/postgres          +
            |          |          |             |             | postgres=CTc/postgres
 test       | postgres | UTF8     | en_US.UTF-8 | en_US.UTF-8 |
 testdb     | postgres | UTF8     | en_US.UTF-8 | en_US.UTF-8 |
(8 rows)

postgres=# \c testdb
You are now connected to database "testdb" as user "postgres".

CREATE TABLE persons(
    id        SERIAL PRIMARY KEY,
    name      VARCHAR(50) NOT NULL,
    surname   VARCHAR(50)  NOT NULL);

testdb=# \dt
 public | persons | table | postgres

testdb=# \d persons
 id      | integer               | not null default nextval('persons_id_seq'::regclass)
 name    | character varying(50) | not null
 surname | character varying(50) | not null

INSERT INTO persons(name, surname) VALUES('Eliška', 'Najbrtová');
INSERT INTO persons(name, surname) VALUES('Jenny', 'Suk');
INSERT INTO persons(name, surname) VALUES('Anička', 'Šafářová');
INSERT INTO persons(name, surname) VALUES('Sváťa', 'Pulec');
INSERT INTO persons(name, surname) VALUES('Blažej', 'Motyčka');
INSERT INTO persons(name, surname) VALUES('Eda', 'Wasserfall');
INSERT INTO persons(name, surname) VALUES('Přemysl', 'Hájek');

testdb=# select * from persons;
  1 | Eliška  | Najbrtová
  2 | Jenny   | Suk
  3 | Anička  | Šafářová
  4 | Sváťa   | Pulec
  5 | Blažej  | Motyčka
  6 | Eda     | Wasserfall
  7 | Přemysl | Hájek



8:02PM DBG Started
8:02PM INF DB connection configuration driverName=postgres
8:02PM INF Record ID=1 name="Eliška" surname="Najbrtová"
8:02PM INF Record ID=2 name=Jenny surname=Suk
8:02PM INF Record ID=3 name="Anička" surname="Šafářová"
8:02PM INF Record ID=4 name="Sváťa" surname=Pulec
8:02PM INF Record ID=5 name="Blažej" surname="Motyčka"
8:02PM INF Record ID=6 name=Eda surname=Wasserfall
8:02PM INF Record ID=7 name="Přemysl" surname="Hájek"
8:02PM INF DELETE deleted rows=1
8:02PM INF INSERT inserted rows=1
8:02PM INF Record ID=1 name="Eliška" surname="Najbrtová"
8:02PM INF Record ID=2 name=Jenny surname=Suk
8:02PM INF Record ID=3 name="Anička" surname="Šafářová"
8:02PM INF Record ID=4 name="Sváťa" surname=Pulec
8:02PM INF Record ID=5 name="Blažej" surname="Motyčka"
8:02PM INF Record ID=7 name="Přemysl" surname="Hájek"
8:02PM INF Record ID=8 name=Eda surname="Vodopád"
8:02PM DBG Finished

testdb=# select * from persons;
 id |  name   |  surname
----+---------+-----------
  1 | Eliška  | Najbrtová
  2 | Jenny   | Suk
  3 | Anička  | Šafářová
  4 | Sváťa   | Pulec
  5 | Blažej  | Motyčka
  7 | Přemysl | Hájek
  8 | Eda     | Vodopád
(7 rows)

